/*M!999999\- enable the sandbox mode */ 
-- MariaDB dump 10.19  Distrib 10.11.13-MariaDB, for debian-linux-gnu (x86_64)
--
-- Host: localhost    Database: pokedex_2026
-- ------------------------------------------------------
-- Server version	10.11.13-MariaDB-0ubuntu0.24.04.1

/*!40101 SET @OLD_CHARACTER_SET_CLIENT=@@CHARACTER_SET_CLIENT */;
/*!40101 SET @OLD_CHARACTER_SET_RESULTS=@@CHARACTER_SET_RESULTS */;
/*!40101 SET @OLD_COLLATION_CONNECTION=@@COLLATION_CONNECTION */;
/*!40101 SET NAMES utf8mb4 */;
/*!40103 SET @OLD_TIME_ZONE=@@TIME_ZONE */;
/*!40103 SET TIME_ZONE='+00:00' */;
/*!40014 SET @OLD_UNIQUE_CHECKS=@@UNIQUE_CHECKS, UNIQUE_CHECKS=0 */;
/*!40014 SET @OLD_FOREIGN_KEY_CHECKS=@@FOREIGN_KEY_CHECKS, FOREIGN_KEY_CHECKS=0 */;
/*!40101 SET @OLD_SQL_MODE=@@SQL_MODE, SQL_MODE='NO_AUTO_VALUE_ON_ZERO' */;
/*!40111 SET @OLD_SQL_NOTES=@@SQL_NOTES, SQL_NOTES=0 */;

--
-- Table structure for table `entrenadores`
--

DROP TABLE IF EXISTS `entrenadores`;
/*!40101 SET @saved_cs_client     = @@character_set_client */;
/*!40101 SET character_set_client = utf8mb4 */;
CREATE TABLE `entrenadores` (
  `id` int(11) NOT NULL AUTO_INCREMENT,
  `nombre` varchar(100) NOT NULL,
  `gimnasio_id` int(11) DEFAULT NULL,
  PRIMARY KEY (`id`),
  KEY `gimnasio_id` (`gimnasio_id`),
  CONSTRAINT `entrenadores_ibfk_1` FOREIGN KEY (`gimnasio_id`) REFERENCES `gimnasios` (`id`)
) ENGINE=InnoDB AUTO_INCREMENT=5 DEFAULT CHARSET=utf8mb4 COLLATE=utf8mb4_general_ci;
/*!40101 SET character_set_client = @saved_cs_client */;

--
-- Dumping data for table `entrenadores`
--

LOCK TABLES `entrenadores` WRITE;
/*!40000 ALTER TABLE `entrenadores` DISABLE KEYS */;
INSERT INTO `entrenadores` VALUES
(1,'Ash',1),
(2,'Gary',1),
(3,'Ash',2),
(4,'Gary',2);
/*!40000 ALTER TABLE `entrenadores` ENABLE KEYS */;
UNLOCK TABLES;

--
-- Table structure for table `equipo`
--

DROP TABLE IF EXISTS `equipo`;
/*!40101 SET @saved_cs_client     = @@character_set_client */;
/*!40101 SET character_set_client = utf8mb4 */;
CREATE TABLE `equipo` (
  `id` int(11) NOT NULL AUTO_INCREMENT,
  `nombre` varchar(255) NOT NULL,
  `tipo_principal` varchar(100) DEFAULT NULL,
  `nivel` int(11) DEFAULT 1,
  `ataque` int(11) DEFAULT 10,
  `defensa` int(11) DEFAULT 10,
  `velocidad` int(11) DEFAULT 10,
  `fecha_captura` date DEFAULT NULL,
  `entrenador_id` int(11) DEFAULT NULL,
  PRIMARY KEY (`id`),
  KEY `entrenador_id` (`entrenador_id`),
  CONSTRAINT `equipo_ibfk_1` FOREIGN KEY (`entrenador_id`) REFERENCES `entrenadores` (`id`)
) ENGINE=InnoDB AUTO_INCREMENT=10 DEFAULT CHARSET=utf8mb4 COLLATE=utf8mb4_general_ci;
/*!40101 SET character_set_client = @saved_cs_client */;

--
-- Dumping data for table `equipo`
--

LOCK TABLES `equipo` WRITE;
/*!40000 ALTER TABLE `equipo` DISABLE KEYS */;
INSERT INTO `equipo` VALUES
(2,'Pikachu',NULL,1,10,10,10,NULL,1),
(3,'Eevee',NULL,1,10,10,10,NULL,2),
(4,'Pikachu',NULL,1,10,10,10,NULL,4),
(5,'Eevee',NULL,1,10,10,10,NULL,3),
(6,'bulbasaur','grass',4,58,53,50,'2026-03-25',3),
(7,'charizard','fire',1,84,78,100,'2026-03-25',4),
(8,'slowpoke','water',1,65,65,15,'2026-03-25',2);
/*!40000 ALTER TABLE `equipo` ENABLE KEYS */;
UNLOCK TABLES;

--
-- Table structure for table `gimnasios`
--

DROP TABLE IF EXISTS `gimnasios`;
/*!40101 SET @saved_cs_client     = @@character_set_client */;
/*!40101 SET character_set_client = utf8mb4 */;
CREATE TABLE `gimnasios` (
  `id` int(11) NOT NULL AUTO_INCREMENT,
  `nombre` varchar(100) NOT NULL,
  `ciudad` varchar(100) NOT NULL,
  PRIMARY KEY (`id`)
) ENGINE=InnoDB AUTO_INCREMENT=3 DEFAULT CHARSET=utf8mb4 COLLATE=utf8mb4_general_ci;
/*!40101 SET character_set_client = @saved_cs_client */;

--
-- Dumping data for table `gimnasios`
--

LOCK TABLES `gimnasios` WRITE;
/*!40000 ALTER TABLE `gimnasios` DISABLE KEYS */;
INSERT INTO `gimnasios` VALUES
(1,'Gimnasio de Fuego','Isla Canela'),
(2,'Gimnasio de Fuego','Isla Canela');
/*!40000 ALTER TABLE `gimnasios` ENABLE KEYS */;
UNLOCK TABLES;

--
-- Table structure for table `pokemon`
--

DROP TABLE IF EXISTS `pokemon`;
/*!40101 SET @saved_cs_client     = @@character_set_client */;
/*!40101 SET character_set_client = utf8mb4 */;
CREATE TABLE `pokemon` (
  `id` int(11) NOT NULL AUTO_INCREMENT,
  `nombre` varchar(50) NOT NULL,
  `tipo_principal` text DEFAULT NULL,
  `nivel` int(11) DEFAULT 1,
  `ataque` int(11) DEFAULT NULL,
  `defensa` int(11) DEFAULT NULL,
  `velocidad` int(11) DEFAULT NULL,
  `fecha_captura` date DEFAULT NULL,
  PRIMARY KEY (`id`),
  KEY `idx_pokemon_nombre` (`nombre`)
) ENGINE=InnoDB AUTO_INCREMENT=1053 DEFAULT CHARSET=utf8mb4 COLLATE=utf8mb4_general_ci;
/*!40101 SET character_set_client = @saved_cs_client */;

--
-- Dumping data for table `pokemon`
--

LOCK TABLES `pokemon` WRITE;
/*!40000 ALTER TABLE `pokemon` DISABLE KEYS */;
INSERT INTO `pokemon` VALUES
(1,'Bulbasaur','Planta',5,49,49,45,'2025-03-12'),
(2,'Ivysaur','Planta',16,62,63,60,'2024-11-08'),
(3,'Venusaur','Planta',32,82,83,80,'2026-06-21'),
(4,'Charmander','Fuego',5,52,43,65,'2024-02-17'),
(5,'Charmeleon','Fuego',16,64,58,80,'2025-09-30'),
(6,'Charizard','Fuego',36,84,78,100,'2026-01-14'),
(7,'Squirtle','Agua',5,48,65,43,'2025-07-04'),
(8,'Wartortle','Agua',16,63,80,58,'2024-08-19'),
(9,'Blastoise','Agua',36,83,100,78,'2026-10-02'),
(10,'Caterpie','Bicho',3,30,35,45,'2024-05-23'),
(11,'Metapod','Bicho',7,20,55,30,'2025-12-11'),
(12,'Butterfree','Bicho',12,45,50,70,'2026-04-07'),
(13,'Weedle','Bicho',3,35,30,50,'2024-09-01'),
(14,'Kakuna','Bicho',7,25,50,35,'2025-01-27'),
(15,'Beedrill','Bicho',12,80,40,75,'2026-08-15'),
(16,'Pidgey','Volador',4,45,40,56,'2024-03-09'),
(17,'Pidgeotto','Volador',18,60,55,71,'2025-06-18'),
(18,'Pidgeot','Volador',36,80,75,101,'2026-11-25'),
(19,'Rattata','Normal',4,56,35,72,'2024-12-05'),
(20,'Raticate','Normal',20,81,60,97,'2025-10-14'),
(21,'Spearow','Volador',5,60,30,70,'2026-02-28'),
(22,'Fearow','Volador',20,90,65,100,'2024-06-30'),
(23,'Ekans','Veneno',6,60,44,55,'2025-04-02'),
(24,'Arbok','Veneno',22,95,69,80,'2026-09-19'),
(25,'Pikachu','Electrico',8,55,40,90,'2024-01-11'),
(26,'Raichu','Electrico',26,90,55,110,'2025-08-07'),
(27,'Sandshrew','Tierra',6,75,85,40,'2026-05-03'),
(28,'Sandslash','Tierra',22,100,110,65,'2024-10-22'),
(29,'NidoranF','Veneno',6,47,52,41,'2025-02-16'),
(30,'Nidorina','Veneno',16,62,67,56,'2026-07-29'),
(31,'Nidoqueen','Veneno',36,92,87,76,'2024-04-14'),
(32,'NidoranM','Veneno',6,57,40,50,'2025-11-03'),
(33,'Nidorino','Veneno',16,72,57,65,'2026-12-09'),
(34,'Nidoking','Veneno',36,102,77,85,'2024-07-26'),
(35,'Clefairy','Hada',10,45,48,35,'2025-05-21'),
(36,'Clefable','Hada',28,70,73,60,'2026-03-17'),
(37,'Vulpix','Fuego',8,41,40,65,'2024-09-28'),
(38,'Ninetales','Fuego',28,76,75,100,'2025-01-06'),
(39,'Jigglypuff','Normal',6,45,20,20,'2026-06-01'),
(40,'Wigglytuff','Normal',28,70,45,45,'2024-11-19'),
(41,'Zubat','Veneno',5,45,35,55,'2025-07-13'),
(42,'Golbat','Veneno',22,80,70,90,'2026-10-27'),
(43,'Oddish','Planta',5,50,55,30,'2024-02-04'),
(44,'Gloom','Planta',18,65,70,40,'2025-12-22'),
(45,'Vileplume','Planta',36,80,85,50,'2026-04-10'),
(46,'Paras','Bicho',6,70,55,25,'2024-06-16'),
(47,'Parasect','Bicho',24,95,80,30,'2025-09-05'),
(48,'Venonat','Bicho',10,55,50,45,'2026-08-31'),
(49,'Diglett','Tierra',12,55,25,95,'2025-06-09'),
(50,'Meowth','Normal',14,45,35,90,'2024-12-18'),
(51,'Poltchageist','Planta',58,96,120,75,'2025-03-12'),
(52,'Meowth','Normal',15,70,88,33,'2026-01-02'),
(53,'Persian','Normal',38,54,67,120,'2026-01-03'),
(54,'Psyduck','Agua',45,39,116,73,'2026-01-04'),
(55,'Golduck','Agua',19,91,47,93,'2026-01-05'),
(56,'Mankey','Lucha',21,85,77,70,'2026-01-06'),
(57,'Primeape','Lucha',40,73,58,87,'2026-01-07'),
(58,'Growlithe','Fuego',10,99,75,80,'2026-01-08'),
(59,'Arcanine','Fuego',31,34,108,109,'2026-01-09'),
(60,'Poliwag','Agua',21,92,128,109,'2026-01-10'),
(61,'Poliwhirl','Agua',32,48,113,111,'2026-01-11'),
(62,'Poliwrath','Agua',47,52,36,58,'2026-01-12'),
(63,'Abra','Psíquico',21,115,32,54,'2026-01-13'),
(64,'Kadabra','Psíquico',19,44,76,119,'2026-01-14'),
(65,'Alakazam','Psíquico',10,50,67,108,'2026-01-15'),
(66,'Machop','Lucha',4,78,65,45,'2026-01-16'),
(67,'Machoke','Lucha',47,127,94,61,'2026-01-17'),
(68,'Machamp','Lucha',32,71,92,78,'2026-01-18'),
(69,'Bellsprout','Planta',48,33,82,65,'2026-01-19'),
(70,'Weepinbell','Planta',27,113,59,111,'2026-01-20'),
(71,'Victreebel','Planta',32,47,121,113,'2026-01-21'),
(72,'Tentacool','Agua',15,76,74,57,'2026-01-22'),
(73,'Tentacruel','Agua',45,59,61,56,'2026-01-23'),
(74,'Geodude','Roca',2,73,30,117,'2026-01-24'),
(75,'Graveler','Roca',39,58,35,99,'2026-01-25'),
(76,'Golem','Roca',2,88,85,82,'2026-01-26'),
(77,'Ponyta','Fuego',26,122,129,94,'2026-01-27'),
(78,'Rapidash','Fuego',48,99,36,70,'2026-01-28'),
(79,'Slowpoke','Agua',32,117,73,44,'2026-01-29'),
(80,'Slowbro','Agua',34,122,40,89,'2026-01-30'),
(81,'Magnemite','Eléctrico',33,88,81,108,'2026-01-31'),
(82,'Magneton','Eléctrico',45,79,64,94,'2026-02-01'),
(83,'Popplio','Agua',6,76,51,106,'2026-02-02'),
(84,'Grookey','Planta',50,124,99,36,'2026-02-03'),
(85,'Scorbunny','Fuego',41,86,72,41,'2026-02-04'),
(86,'Sobble','Agua',17,112,103,107,'2026-02-05'),
(87,'Treecko','Planta',45,95,71,118,'2026-02-06'),
(88,'Torchic','Fuego',50,71,85,52,'2026-02-07'),
(89,'Mudkip','Agua',45,64,63,124,'2026-02-08'),
(90,'Piplup','Planta',38,105,103,126,'2026-02-09'),
(91,'Turtwig','Fuego',22,72,54,65,'2026-02-10'),
(92,'Chimchar','Agua',15,74,58,116,'2026-02-11'),
(93,'Snivy','Planta',31,111,92,90,'2026-02-12'),
(94,'Tepig','Fuego',29,102,118,35,'2026-02-13'),
(95,'Oshawott','Agua',37,78,64,105,'2026-02-14'),
(96,'Chespin','Planta',35,99,110,102,'2026-02-15'),
(97,'Fennekin','Fuego',42,113,46,78,'2026-02-16'),
(98,'Froakie','Agua',25,82,43,104,'2026-02-17'),
(99,'Rowlet','Planta',23,114,118,62,'2026-02-18'),
(100,'Litten','Fuego',7,54,56,53,'2026-02-19'),
(101,'Popplio','Agua',46,106,123,116,'2026-02-20'),
(102,'Grookey','Planta',39,76,105,52,'2026-02-21'),
(103,'Scorbunny','Fuego',18,58,67,79,'2026-02-22'),
(104,'Sobble','Agua',31,103,73,34,'2026-02-23'),
(105,'Treecko','Planta',29,90,88,74,'2026-02-24'),
(106,'Torchic','Fuego',16,99,52,99,'2026-02-25'),
(107,'Mudkip','Agua',46,63,125,92,'2026-02-26'),
(108,'Piplup','Planta',8,103,59,128,'2026-02-27'),
(109,'Turtwig','Fuego',48,31,33,76,'2026-02-28'),
(110,'Chimchar','Agua',38,130,81,124,'2026-03-01'),
(111,'Snivy','Planta',47,41,102,54,'2026-03-02'),
(112,'Tepig','Fuego',49,70,129,94,'2026-03-03'),
(113,'Oshawott','Agua',47,44,52,63,'2026-03-04'),
(114,'Chespin','Planta',33,60,117,44,'2026-03-05'),
(115,'Fennekin','Fuego',40,115,130,88,'2026-03-06'),
(116,'Froakie','Agua',47,78,43,70,'2026-03-07'),
(117,'Rowlet','Planta',6,116,82,31,'2026-03-08'),
(118,'Litten','Fuego',20,39,93,41,'2026-03-09'),
(119,'Popplio','Agua',18,113,58,95,'2026-03-10'),
(120,'Grookey','Planta',12,31,102,109,'2026-03-11'),
(121,'Scorbunny','Fuego',31,79,88,37,'2026-03-12'),
(122,'Sobble','Agua',11,78,49,129,'2026-03-13'),
(123,'Treecko','Planta',47,123,59,113,'2026-03-14'),
(124,'Torchic','Fuego',49,82,47,103,'2026-03-15'),
(125,'Mudkip','Agua',46,61,88,83,'2026-03-16'),
(126,'Piplup','Planta',16,96,58,73,'2026-03-17'),
(127,'Turtwig','Fuego',16,96,48,116,'2026-03-18'),
(128,'Chimchar','Agua',6,70,109,67,'2026-03-19'),
(129,'Snivy','Planta',4,48,93,109,'2026-03-20'),
(130,'Tepig','Fuego',3,97,37,53,'2026-03-21'),
(131,'Oshawott','Agua',46,64,95,66,'2026-03-22'),
(132,'Chespin','Planta',47,82,117,103,'2026-03-23'),
(133,'Fennekin','Fuego',18,37,69,64,'2026-03-24'),
(134,'Froakie','Agua',44,63,100,77,'2026-03-25'),
(135,'Rowlet','Planta',41,106,59,55,'2026-03-26'),
(136,'Litten','Fuego',34,75,116,62,'2026-03-27'),
(137,'Popplio','Agua',49,120,54,83,'2026-03-28'),
(138,'Grookey','Planta',33,108,84,86,'2026-03-29'),
(139,'Scorbunny','Fuego',18,35,108,91,'2026-03-30'),
(140,'Sobble','Agua',20,108,91,64,'2026-03-31'),
(141,'Treecko','Planta',8,123,79,81,'2026-04-01'),
(142,'Torchic','Fuego',40,49,124,115,'2026-04-02'),
(143,'Mudkip','Agua',35,86,92,52,'2026-04-03'),
(144,'Piplup','Planta',16,87,56,85,'2026-04-04'),
(145,'Turtwig','Fuego',40,72,50,91,'2026-04-05'),
(146,'Chimchar','Agua',14,117,34,60,'2026-04-06'),
(147,'Snivy','Planta',26,46,121,115,'2026-04-07'),
(148,'Tepig','Fuego',35,64,72,109,'2026-04-08'),
(149,'Oshawott','Agua',50,97,122,114,'2026-04-09'),
(150,'Chespin','Planta',21,68,97,91,'2026-04-10'),
(151,'Fennekin','Fuego',47,40,49,72,'2026-04-11'),
(152,'Froakie','Agua',5,77,37,107,'2026-04-12'),
(153,'Rowlet','Planta',47,110,83,110,'2026-04-13'),
(154,'Litten','Fuego',50,56,116,109,'2026-04-14'),
(155,'Popplio','Agua',42,119,47,82,'2026-04-15'),
(156,'Grookey','Planta',20,127,37,30,'2026-04-16'),
(157,'Scorbunny','Fuego',32,115,73,41,'2026-04-17'),
(158,'Sobble','Agua',42,69,89,80,'2026-04-18'),
(159,'Treecko','Planta',46,37,76,67,'2026-04-19'),
(160,'Torchic','Fuego',45,57,64,122,'2026-04-20'),
(161,'Mudkip','Agua',34,54,85,129,'2026-04-21'),
(162,'Piplup','Planta',31,74,67,129,'2026-04-22'),
(163,'Turtwig','Fuego',24,51,38,109,'2026-04-23'),
(164,'Chimchar','Agua',33,67,87,48,'2026-04-24'),
(165,'Snivy','Planta',6,125,122,115,'2026-04-25'),
(166,'Tepig','Fuego',16,30,30,93,'2026-04-26'),
(167,'Oshawott','Agua',8,85,85,45,'2026-04-27'),
(168,'Chespin','Planta',26,87,111,116,'2026-04-28'),
(169,'Fennekin','Fuego',7,45,115,52,'2026-04-29'),
(170,'Froakie','Agua',24,120,110,42,'2026-04-30'),
(171,'Rowlet','Planta',18,105,112,130,'2026-05-01'),
(172,'Litten','Fuego',11,83,119,54,'2026-05-02'),
(173,'Popplio','Agua',4,43,41,114,'2026-05-03'),
(174,'Grookey','Planta',29,40,32,72,'2026-05-04'),
(175,'Scorbunny','Fuego',41,74,50,110,'2026-05-05'),
(176,'Sobble','Agua',19,72,43,121,'2026-05-06'),
(177,'Treecko','Planta',28,68,47,88,'2026-05-07'),
(178,'Torchic','Fuego',7,95,51,99,'2026-05-08'),
(179,'Mudkip','Agua',1,37,56,92,'2026-05-09'),
(180,'Piplup','Planta',45,109,97,98,'2026-05-10'),
(181,'Turtwig','Fuego',41,108,127,71,'2026-05-11'),
(182,'Chimchar','Agua',14,89,122,70,'2026-05-12'),
(183,'Snivy','Planta',22,58,37,73,'2026-05-13'),
(184,'Tepig','Fuego',37,98,83,129,'2026-05-14'),
(185,'Oshawott','Agua',5,118,110,73,'2026-05-15'),
(186,'Chespin','Planta',36,67,60,118,'2026-05-16'),
(187,'Fennekin','Fuego',3,87,53,128,'2026-05-17'),
(188,'Froakie','Agua',38,80,67,110,'2026-05-18'),
(189,'Rowlet','Planta',11,45,78,126,'2026-05-19'),
(190,'Litten','Fuego',28,125,42,110,'2026-05-20'),
(191,'Popplio','Agua',3,68,62,109,'2026-05-21'),
(192,'Grookey','Planta',14,75,67,130,'2026-05-22'),
(193,'Scorbunny','Fuego',50,64,64,128,'2026-05-23'),
(194,'Sobble','Agua',5,39,107,67,'2026-05-24'),
(195,'Treecko','Planta',9,40,76,76,'2026-05-25'),
(196,'Torchic','Fuego',4,106,122,56,'2026-05-26'),
(197,'Mudkip','Agua',37,105,32,48,'2026-05-27'),
(198,'Piplup','Planta',43,118,37,90,'2026-05-28'),
(199,'Turtwig','Fuego',16,53,93,54,'2026-05-29'),
(200,'Chimchar','Agua',2,93,130,77,'2026-05-30'),
(201,'Snivy','Planta',21,59,121,47,'2026-05-31'),
(202,'Tepig','Fuego',8,77,92,66,'2026-06-01'),
(203,'Oshawott','Agua',3,32,52,33,'2026-06-02'),
(204,'Chespin','Planta',41,89,92,55,'2026-06-03'),
(205,'Fennekin','Fuego',6,59,53,101,'2026-06-04'),
(206,'Froakie','Agua',12,88,124,68,'2026-06-05'),
(207,'Rowlet','Planta',32,129,95,55,'2026-06-06'),
(208,'Litten','Fuego',35,72,108,84,'2026-06-07'),
(209,'Popplio','Agua',37,94,36,69,'2026-06-08'),
(210,'Grookey','Planta',24,40,80,92,'2026-06-09'),
(211,'Scorbunny','Fuego',44,79,63,119,'2026-06-10'),
(212,'Sobble','Agua',29,114,73,127,'2026-06-11'),
(213,'Treecko','Planta',30,44,115,61,'2026-06-12'),
(214,'Torchic','Fuego',41,48,58,112,'2026-06-13'),
(215,'Mudkip','Agua',14,123,116,118,'2026-06-14'),
(216,'Piplup','Planta',44,115,46,62,'2026-06-15'),
(217,'Turtwig','Fuego',37,47,74,50,'2026-06-16'),
(218,'Chimchar','Agua',19,42,69,82,'2026-06-17'),
(219,'Snivy','Planta',49,43,116,84,'2026-06-18'),
(220,'Tepig','Fuego',2,36,107,88,'2026-06-19'),
(221,'Oshawott','Agua',46,60,47,50,'2026-06-20'),
(222,'Chespin','Planta',39,60,46,88,'2026-06-21'),
(223,'Fennekin','Fuego',49,73,33,117,'2026-06-22'),
(224,'Froakie','Agua',12,42,110,113,'2026-06-23'),
(225,'Rowlet','Planta',50,60,51,130,'2026-06-24'),
(226,'Litten','Fuego',3,109,70,122,'2026-06-25'),
(227,'Popplio','Agua',50,112,112,56,'2026-06-26'),
(228,'Grookey','Planta',18,110,68,34,'2026-06-27'),
(229,'Scorbunny','Fuego',32,30,83,52,'2026-06-28'),
(230,'Sobble','Agua',1,67,95,60,'2026-06-29'),
(231,'Treecko','Planta',39,113,82,88,'2026-06-30'),
(232,'Torchic','Fuego',20,81,88,44,'2026-07-01'),
(233,'Mudkip','Agua',23,85,119,47,'2026-07-02'),
(234,'Piplup','Planta',5,52,107,87,'2026-07-03'),
(235,'Turtwig','Fuego',27,47,79,71,'2026-07-04'),
(236,'Chimchar','Agua',35,95,83,101,'2026-07-05'),
(237,'Snivy','Planta',11,98,102,37,'2026-07-06'),
(238,'Tepig','Fuego',20,55,51,127,'2026-07-07'),
(239,'Oshawott','Agua',44,73,40,75,'2026-07-08'),
(240,'Chespin','Planta',25,96,58,99,'2026-07-09'),
(241,'Fennekin','Fuego',11,54,111,127,'2026-07-10'),
(242,'Froakie','Agua',40,52,41,37,'2026-07-11'),
(243,'Rowlet','Planta',18,81,42,73,'2026-07-12'),
(244,'Litten','Fuego',34,107,85,90,'2026-07-13'),
(245,'Popplio','Agua',33,55,69,42,'2026-07-14'),
(246,'Grookey','Planta',49,52,47,108,'2026-07-15'),
(247,'Scorbunny','Fuego',3,122,116,115,'2026-07-16'),
(248,'Sobble','Agua',41,36,41,103,'2026-07-17'),
(249,'Treecko','Planta',16,80,60,48,'2026-07-18'),
(250,'Torchic','Fuego',3,33,98,130,'2026-07-19'),
(251,'Mudkip','Agua',45,108,80,39,'2026-07-20'),
(252,'Piplup','Planta',7,47,115,75,'2026-07-21'),
(253,'Turtwig','Fuego',36,41,130,102,'2026-07-22'),
(254,'Chimchar','Agua',41,114,90,107,'2026-07-23'),
(255,'Snivy','Planta',31,36,109,114,'2026-07-24'),
(256,'Tepig','Fuego',27,129,119,55,'2026-07-25'),
(257,'Oshawott','Agua',38,41,78,122,'2026-07-26'),
(258,'Chespin','Planta',32,93,54,65,'2026-07-27'),
(259,'Fennekin','Fuego',30,61,73,69,'2026-07-28'),
(260,'Froakie','Agua',32,111,110,80,'2026-07-29'),
(261,'Rowlet','Planta',23,86,54,52,'2026-07-30'),
(262,'Litten','Fuego',28,52,65,115,'2026-07-31'),
(263,'Popplio','Agua',24,72,64,47,'2026-08-01'),
(264,'Grookey','Planta',14,124,127,49,'2026-08-02'),
(265,'Scorbunny','Fuego',27,103,54,112,'2026-08-03'),
(266,'Sobble','Agua',44,104,115,112,'2026-08-04'),
(267,'Treecko','Planta',20,130,68,94,'2026-08-05'),
(268,'Torchic','Fuego',39,121,118,125,'2026-08-06'),
(269,'Mudkip','Agua',33,59,105,112,'2026-08-07'),
(270,'Piplup','Planta',6,80,63,71,'2026-08-08'),
(271,'Turtwig','Fuego',2,86,97,36,'2026-08-09'),
(272,'Chimchar','Agua',14,49,59,65,'2026-08-10'),
(273,'Snivy','Planta',37,56,60,62,'2026-08-11'),
(274,'Tepig','Fuego',40,114,32,103,'2026-08-12'),
(275,'Oshawott','Agua',40,59,89,53,'2026-08-13'),
(276,'Chespin','Planta',24,32,56,47,'2026-08-14'),
(277,'Fennekin','Fuego',39,129,59,106,'2026-08-15'),
(278,'Froakie','Agua',27,89,41,123,'2026-08-16'),
(279,'Rowlet','Planta',41,55,39,83,'2026-08-17'),
(280,'Litten','Fuego',1,92,51,51,'2026-08-18'),
(281,'Popplio','Agua',12,64,92,55,'2026-08-19'),
(282,'Grookey','Planta',10,65,33,31,'2026-08-20'),
(283,'Scorbunny','Fuego',29,65,111,101,'2026-08-21'),
(284,'Sobble','Agua',10,76,107,30,'2026-08-22'),
(285,'Treecko','Planta',29,96,92,124,'2026-08-23'),
(286,'Torchic','Fuego',46,117,121,63,'2026-08-24'),
(287,'Mudkip','Agua',23,57,59,91,'2026-08-25'),
(288,'Piplup','Planta',1,104,117,122,'2026-08-26'),
(289,'Turtwig','Fuego',6,102,33,78,'2026-08-27'),
(290,'Chimchar','Agua',18,83,79,130,'2026-08-28'),
(291,'Snivy','Planta',43,33,79,61,'2026-08-29'),
(292,'Tepig','Fuego',43,93,88,94,'2026-08-30'),
(293,'Oshawott','Agua',28,75,120,56,'2026-08-31'),
(294,'Chespin','Planta',41,130,59,104,'2026-09-01'),
(295,'Fennekin','Fuego',34,91,45,35,'2026-09-02'),
(296,'Froakie','Agua',16,31,110,51,'2026-09-03'),
(297,'Rowlet','Planta',8,105,63,63,'2026-09-04'),
(298,'Litten','Fuego',32,79,76,124,'2026-09-05'),
(299,'Popplio','Agua',23,91,94,54,'2026-09-06'),
(300,'Grookey','Planta',3,49,91,123,'2026-09-07'),
(301,'Scorbunny','Fuego',25,126,63,125,'2026-09-08'),
(302,'Sobble','Agua',46,87,67,100,'2026-09-09'),
(303,'Treecko','Planta',37,94,33,97,'2026-09-10'),
(304,'Torchic','Fuego',26,103,101,45,'2026-09-11'),
(305,'Mudkip','Agua',9,91,53,107,'2026-09-12'),
(306,'Piplup','Planta',17,97,113,128,'2026-09-13'),
(307,'Turtwig','Fuego',7,104,102,44,'2026-09-14'),
(308,'Chimchar','Agua',23,78,71,54,'2026-09-15'),
(309,'Snivy','Planta',38,61,39,61,'2026-09-16'),
(310,'Tepig','Fuego',16,124,33,98,'2026-09-17'),
(311,'Oshawott','Agua',31,70,58,36,'2026-09-18'),
(312,'Chespin','Planta',50,107,52,66,'2026-09-19'),
(313,'Fennekin','Fuego',46,85,53,52,'2026-09-20'),
(314,'Froakie','Agua',46,48,48,38,'2026-09-21'),
(315,'Rowlet','Planta',27,86,33,41,'2026-09-22'),
(316,'Litten','Fuego',20,79,57,39,'2026-09-23'),
(317,'Popplio','Agua',24,73,97,130,'2026-09-24'),
(318,'Grookey','Planta',12,61,69,92,'2026-09-25'),
(319,'Scorbunny','Fuego',45,52,104,58,'2026-09-26'),
(320,'Sobble','Agua',18,119,57,92,'2026-09-27'),
(321,'Treecko','Planta',4,100,89,60,'2026-09-28'),
(322,'Torchic','Fuego',8,127,53,63,'2026-09-29'),
(323,'Mudkip','Agua',35,73,72,97,'2026-09-30'),
(324,'Piplup','Planta',29,53,90,74,'2026-10-01'),
(325,'Turtwig','Fuego',3,74,72,34,'2026-10-02'),
(326,'Chimchar','Agua',23,47,67,60,'2026-10-03'),
(327,'Snivy','Planta',29,119,43,125,'2026-10-04'),
(328,'Tepig','Fuego',16,107,33,33,'2026-10-05'),
(329,'Oshawott','Agua',18,104,130,59,'2026-10-06'),
(330,'Chespin','Planta',32,49,83,53,'2026-10-07'),
(331,'Fennekin','Fuego',23,40,113,78,'2026-10-08'),
(332,'Froakie','Agua',25,84,86,37,'2026-10-09'),
(333,'Rowlet','Planta',17,83,121,36,'2026-10-10'),
(334,'Litten','Fuego',22,55,123,67,'2026-10-11'),
(335,'Popplio','Agua',26,82,50,116,'2026-10-12'),
(336,'Grookey','Planta',35,103,89,66,'2026-10-13'),
(337,'Scorbunny','Fuego',44,115,58,70,'2026-10-14'),
(338,'Sobble','Agua',48,130,109,57,'2026-10-15'),
(339,'Treecko','Planta',45,65,79,42,'2026-10-16'),
(340,'Torchic','Fuego',14,92,57,103,'2026-10-17'),
(341,'Mudkip','Agua',35,39,99,98,'2026-10-18'),
(342,'Piplup','Planta',20,82,122,127,'2026-10-19'),
(343,'Turtwig','Fuego',17,68,79,41,'2026-10-20'),
(344,'Chimchar','Agua',14,34,72,89,'2026-10-21'),
(345,'Snivy','Planta',46,41,44,77,'2026-10-22'),
(346,'Tepig','Fuego',12,50,54,46,'2026-10-23'),
(347,'Oshawott','Agua',29,51,107,76,'2026-10-24'),
(348,'Chespin','Planta',7,39,33,102,'2026-10-25'),
(349,'Fennekin','Fuego',32,122,88,104,'2026-10-26'),
(350,'Froakie','Agua',38,103,99,50,'2026-10-27'),
(351,'Rowlet','Planta',24,115,56,60,'2026-10-28'),
(352,'Litten','Fuego',22,62,94,112,'2026-10-29'),
(353,'Popplio','Agua',33,109,81,73,'2026-10-30'),
(354,'Grookey','Planta',24,30,84,126,'2026-10-31'),
(355,'Scorbunny','Fuego',50,105,56,127,'2026-11-01'),
(356,'Sobble','Agua',43,116,60,80,'2026-11-02'),
(357,'Treecko','Planta',45,33,93,64,'2026-11-03'),
(358,'Torchic','Fuego',4,75,123,126,'2026-11-04'),
(359,'Mudkip','Agua',6,44,88,107,'2026-11-05'),
(360,'Piplup','Planta',17,87,76,112,'2026-11-06'),
(361,'Turtwig','Fuego',6,107,60,69,'2026-11-07'),
(362,'Chimchar','Agua',28,103,100,36,'2026-11-08'),
(363,'Snivy','Planta',26,70,76,35,'2026-11-09'),
(364,'Tepig','Fuego',37,97,85,82,'2026-11-10'),
(365,'Oshawott','Agua',14,31,52,99,'2026-11-11'),
(366,'Chespin','Planta',10,50,67,122,'2026-11-12'),
(367,'Fennekin','Fuego',25,39,68,64,'2026-11-13'),
(368,'Froakie','Agua',11,64,59,97,'2026-11-14'),
(369,'Rowlet','Planta',11,78,130,59,'2026-11-15'),
(370,'Litten','Fuego',32,60,48,62,'2026-11-16'),
(371,'Popplio','Agua',26,122,90,113,'2026-11-17'),
(372,'Grookey','Planta',44,108,37,73,'2026-11-18'),
(373,'Scorbunny','Fuego',31,85,70,114,'2026-11-19'),
(374,'Sobble','Agua',12,77,85,49,'2026-11-20'),
(375,'Treecko','Planta',23,63,127,121,'2026-11-21'),
(376,'Torchic','Fuego',2,42,121,108,'2026-11-22'),
(377,'Mudkip','Agua',4,84,98,87,'2026-11-23'),
(378,'Piplup','Planta',31,50,59,99,'2026-11-24'),
(379,'Turtwig','Fuego',8,53,54,112,'2026-11-25'),
(380,'Chimchar','Agua',11,54,31,37,'2026-11-26'),
(381,'Snivy','Planta',23,41,55,34,'2026-11-27'),
(382,'Tepig','Fuego',7,57,118,49,'2026-11-28'),
(383,'Oshawott','Agua',18,79,128,37,'2026-11-29'),
(384,'Chespin','Planta',17,58,43,49,'2026-11-30'),
(385,'Fennekin','Fuego',44,128,64,113,'2026-12-01'),
(386,'Froakie','Agua',19,127,87,33,'2026-12-02'),
(387,'Rowlet','Planta',32,74,51,35,'2026-12-03'),
(388,'Litten','Fuego',47,108,36,123,'2026-12-04'),
(389,'Popplio','Agua',49,111,84,105,'2026-12-05'),
(390,'Grookey','Planta',17,76,30,111,'2026-12-06'),
(391,'Scorbunny','Fuego',18,63,36,53,'2026-12-07'),
(392,'Sobble','Agua',7,48,86,129,'2026-12-08'),
(393,'Treecko','Planta',9,93,65,37,'2026-12-09'),
(394,'Torchic','Fuego',38,105,85,69,'2026-12-10'),
(395,'Mudkip','Agua',45,119,38,88,'2026-12-11'),
(396,'Piplup','Planta',42,92,103,92,'2026-12-12'),
(397,'Turtwig','Fuego',32,113,34,44,'2026-12-13'),
(398,'Chimchar','Agua',33,117,57,126,'2026-12-14'),
(399,'Snivy','Planta',34,102,73,97,'2026-12-15'),
(400,'Tepig','Fuego',44,61,76,64,'2026-12-16'),
(401,'Oshawott','Agua',46,57,102,68,'2026-12-17'),
(402,'Chespin','Planta',26,36,116,34,'2026-12-18'),
(403,'Fennekin','Fuego',25,115,121,32,'2026-12-19'),
(404,'Froakie','Agua',27,85,72,58,'2026-12-20'),
(405,'Rowlet','Planta',38,35,124,110,'2026-12-21'),
(406,'Litten','Fuego',17,65,92,71,'2026-12-22'),
(407,'Popplio','Agua',29,52,74,45,'2026-12-23'),
(408,'Grookey','Planta',8,95,57,125,'2026-12-24'),
(409,'Scorbunny','Fuego',31,47,92,129,'2026-12-25'),
(410,'Sobble','Agua',13,92,105,111,'2026-12-26'),
(411,'Treecko','Planta',42,92,69,117,'2026-12-27'),
(412,'Torchic','Fuego',49,58,86,126,'2026-12-28'),
(413,'Mudkip','Agua',11,30,68,53,'2026-12-29'),
(414,'Piplup','Planta',39,119,53,52,'2026-12-30'),
(415,'Turtwig','Fuego',10,33,89,53,'2026-12-31'),
(416,'Chimchar','Agua',33,108,120,125,'2027-01-01'),
(417,'Snivy','Planta',36,74,64,50,'2027-01-02'),
(418,'Tepig','Fuego',1,114,122,76,'2027-01-03'),
(419,'Oshawott','Agua',28,36,71,43,'2027-01-04'),
(420,'Chespin','Planta',46,37,95,58,'2027-01-05'),
(421,'Fennekin','Fuego',15,30,122,100,'2027-01-06'),
(422,'Froakie','Agua',14,75,56,78,'2027-01-07'),
(423,'Rowlet','Planta',28,103,94,69,'2027-01-08'),
(424,'Litten','Fuego',35,95,122,123,'2027-01-09'),
(425,'Popplio','Agua',8,130,78,70,'2027-01-10'),
(426,'Grookey','Planta',31,31,99,118,'2027-01-11'),
(427,'Scorbunny','Fuego',3,35,112,42,'2027-01-12'),
(428,'Sobble','Agua',34,81,66,65,'2027-01-13'),
(429,'Treecko','Planta',37,130,52,46,'2027-01-14'),
(430,'Torchic','Fuego',49,120,52,96,'2027-01-15'),
(431,'Mudkip','Agua',20,125,115,69,'2027-01-16'),
(432,'Piplup','Planta',6,57,81,78,'2027-01-17'),
(433,'Turtwig','Fuego',50,127,110,38,'2027-01-18'),
(434,'Chimchar','Agua',3,47,57,127,'2027-01-19'),
(435,'Snivy','Planta',16,85,99,54,'2027-01-20'),
(436,'Tepig','Fuego',48,87,59,120,'2027-01-21'),
(437,'Oshawott','Agua',3,34,33,44,'2027-01-22'),
(438,'Chespin','Planta',46,47,105,32,'2027-01-23'),
(439,'Fennekin','Fuego',14,119,106,41,'2027-01-24'),
(440,'Froakie','Agua',40,57,122,46,'2027-01-25'),
(441,'Rowlet','Planta',16,69,73,114,'2027-01-26'),
(442,'Litten','Fuego',48,37,76,65,'2027-01-27'),
(443,'Popplio','Agua',32,107,47,125,'2027-01-28'),
(444,'Grookey','Planta',1,94,125,95,'2027-01-29'),
(445,'Scorbunny','Fuego',42,34,89,32,'2027-01-30'),
(446,'Sobble','Agua',1,103,76,64,'2027-01-31'),
(447,'Treecko','Planta',5,34,36,31,'2027-02-01'),
(448,'Torchic','Fuego',40,37,67,113,'2027-02-02'),
(449,'Mudkip','Agua',40,63,59,55,'2027-02-03'),
(450,'Piplup','Planta',38,106,81,116,'2027-02-04'),
(451,'Turtwig','Fuego',17,110,59,61,'2027-02-05'),
(452,'Chimchar','Agua',48,59,106,67,'2027-02-06'),
(453,'Snivy','Planta',7,128,87,114,'2027-02-07'),
(454,'Tepig','Fuego',26,122,84,110,'2027-02-08'),
(455,'Oshawott','Agua',16,48,126,97,'2027-02-09'),
(456,'Chespin','Planta',11,55,86,82,'2027-02-10'),
(457,'Fennekin','Fuego',22,103,46,124,'2027-02-11'),
(458,'Froakie','Agua',6,120,37,94,'2027-02-12'),
(459,'Rowlet','Planta',14,87,80,128,'2027-02-13'),
(460,'Litten','Fuego',50,40,61,95,'2027-02-14'),
(461,'Popplio','Agua',3,125,104,103,'2027-02-15'),
(462,'Grookey','Planta',44,52,63,53,'2027-02-16'),
(463,'Scorbunny','Fuego',33,81,84,97,'2027-02-17'),
(464,'Sobble','Agua',22,108,39,87,'2027-02-18'),
(465,'Treecko','Planta',6,104,103,122,'2027-02-19'),
(466,'Torchic','Fuego',11,88,123,33,'2027-02-20'),
(467,'Mudkip','Agua',38,114,108,97,'2027-02-21'),
(468,'Piplup','Planta',8,86,54,49,'2027-02-22'),
(469,'Turtwig','Fuego',30,99,56,89,'2027-02-23'),
(470,'Chimchar','Agua',3,71,31,99,'2027-02-24'),
(471,'Snivy','Planta',24,55,121,84,'2027-02-25'),
(472,'Tepig','Fuego',35,79,39,79,'2027-02-26'),
(473,'Oshawott','Agua',50,70,102,59,'2027-02-27'),
(474,'Chespin','Planta',3,42,102,100,'2027-02-28'),
(475,'Fennekin','Fuego',29,67,56,36,'2027-03-01'),
(476,'Froakie','Agua',49,126,108,118,'2027-03-02'),
(477,'Rowlet','Planta',38,98,104,104,'2027-03-03'),
(478,'Litten','Fuego',24,61,67,32,'2027-03-04'),
(479,'Popplio','Agua',31,41,115,65,'2027-03-05'),
(480,'Grookey','Planta',26,74,111,77,'2027-03-06'),
(481,'Scorbunny','Fuego',19,105,101,103,'2027-03-07'),
(482,'Sobble','Agua',26,59,111,73,'2027-03-08'),
(483,'Treecko','Planta',1,86,54,64,'2027-03-09'),
(484,'Torchic','Fuego',25,121,62,65,'2027-03-10'),
(485,'Mudkip','Agua',31,32,77,76,'2027-03-11'),
(486,'Piplup','Planta',22,55,120,122,'2027-03-12'),
(487,'Turtwig','Fuego',29,118,58,79,'2027-03-13'),
(488,'Chimchar','Agua',7,105,83,51,'2027-03-14'),
(489,'Snivy','Planta',43,119,65,79,'2027-03-15'),
(490,'Tepig','Fuego',29,45,118,47,'2027-03-16'),
(491,'Oshawott','Agua',24,46,58,70,'2027-03-17'),
(492,'Chespin','Planta',35,43,51,40,'2027-03-18'),
(493,'Fennekin','Fuego',5,43,110,69,'2027-03-19'),
(494,'Froakie','Agua',24,45,55,130,'2027-03-20'),
(495,'Rowlet','Planta',40,50,94,129,'2027-03-21'),
(496,'Litten','Fuego',49,95,36,118,'2027-03-22'),
(497,'Popplio','Agua',48,53,55,40,'2027-03-23'),
(498,'Grookey','Planta',14,96,90,57,'2027-03-24'),
(499,'Scorbunny','Fuego',50,103,111,126,'2027-03-25'),
(500,'Sobble','Agua',27,46,121,41,'2027-03-26'),
(501,'Treecko','Planta',25,130,97,76,'2027-03-27'),
(502,'Torchic','Fuego',36,72,40,118,'2027-03-28'),
(503,'Mudkip','Agua',36,111,48,101,'2027-03-29'),
(504,'Piplup','Planta',22,44,42,108,'2027-03-30'),
(505,'Turtwig','Fuego',11,129,123,123,'2027-03-31'),
(506,'Chimchar','Agua',17,34,38,36,'2027-04-01'),
(507,'Snivy','Planta',8,86,39,115,'2027-04-02'),
(508,'Tepig','Fuego',21,107,47,86,'2027-04-03'),
(509,'Oshawott','Agua',28,33,130,83,'2027-04-04'),
(510,'Chespin','Planta',39,54,121,83,'2027-04-05'),
(511,'Fennekin','Fuego',15,130,43,64,'2027-04-06'),
(512,'Froakie','Agua',28,36,103,101,'2027-04-07'),
(513,'Rowlet','Planta',38,37,130,33,'2027-04-08'),
(514,'Litten','Fuego',13,62,41,122,'2027-04-09'),
(515,'Popplio','Agua',10,77,95,62,'2027-04-10'),
(516,'Grookey','Planta',14,117,76,31,'2027-04-11'),
(517,'Scorbunny','Fuego',11,92,83,112,'2027-04-12'),
(518,'Sobble','Agua',22,65,48,92,'2027-04-13'),
(519,'Treecko','Planta',25,85,97,48,'2027-04-14'),
(520,'Torchic','Fuego',38,99,81,95,'2027-04-15'),
(521,'Mudkip','Agua',37,65,82,66,'2027-04-16'),
(522,'Piplup','Planta',40,121,49,104,'2027-04-17'),
(523,'Turtwig','Fuego',24,58,32,117,'2027-04-18'),
(524,'Chimchar','Agua',38,114,120,89,'2027-04-19'),
(525,'Snivy','Planta',19,113,94,40,'2027-04-20'),
(526,'Tepig','Fuego',13,78,40,99,'2027-04-21'),
(527,'Oshawott','Agua',48,97,46,112,'2027-04-22'),
(528,'Chespin','Planta',41,105,83,117,'2027-04-23'),
(529,'Fennekin','Fuego',13,114,62,115,'2027-04-24'),
(530,'Froakie','Agua',24,124,74,34,'2027-04-25'),
(531,'Rowlet','Planta',48,61,115,63,'2027-04-26'),
(532,'Litten','Fuego',49,119,117,127,'2027-04-27'),
(533,'Popplio','Agua',11,81,30,86,'2027-04-28'),
(534,'Grookey','Planta',13,62,81,96,'2027-04-29'),
(535,'Scorbunny','Fuego',1,34,38,100,'2027-04-30'),
(536,'Sobble','Agua',23,39,50,99,'2027-05-01'),
(537,'Treecko','Planta',15,86,77,97,'2027-05-02'),
(538,'Torchic','Fuego',32,123,88,105,'2027-05-03'),
(539,'Mudkip','Agua',22,73,43,116,'2027-05-04'),
(540,'Piplup','Planta',25,83,39,83,'2027-05-05'),
(541,'Turtwig','Fuego',33,122,95,81,'2027-05-06'),
(542,'Chimchar','Agua',13,76,84,79,'2027-05-07'),
(543,'Snivy','Planta',15,83,41,91,'2027-05-08'),
(544,'Tepig','Fuego',14,62,36,42,'2027-05-09'),
(545,'Oshawott','Agua',12,93,126,42,'2027-05-10'),
(546,'Chespin','Planta',19,64,56,109,'2027-05-11'),
(547,'Fennekin','Fuego',2,104,49,77,'2027-05-12'),
(548,'Froakie','Agua',18,113,99,63,'2027-05-13'),
(549,'Rowlet','Planta',18,37,50,91,'2027-05-14'),
(550,'Litten','Fuego',49,39,88,75,'2027-05-15'),
(551,'Popplio','Agua',11,54,46,79,'2027-05-16'),
(552,'Grookey','Planta',6,101,129,113,'2027-05-17'),
(553,'Scorbunny','Fuego',45,126,32,93,'2027-05-18'),
(554,'Sobble','Agua',14,109,42,40,'2027-05-19'),
(555,'Treecko','Planta',28,64,48,70,'2027-05-20'),
(556,'Torchic','Fuego',5,110,122,40,'2027-05-21'),
(557,'Mudkip','Agua',26,71,80,64,'2027-05-22'),
(558,'Piplup','Planta',30,52,105,77,'2027-05-23'),
(559,'Turtwig','Fuego',46,62,105,123,'2027-05-24'),
(560,'Chimchar','Agua',14,52,90,130,'2027-05-25'),
(561,'Snivy','Planta',39,96,105,89,'2027-05-26'),
(562,'Tepig','Fuego',12,81,80,106,'2027-05-27'),
(563,'Oshawott','Agua',3,74,109,82,'2027-05-28'),
(564,'Chespin','Planta',40,87,110,108,'2027-05-29'),
(565,'Fennekin','Fuego',14,66,83,82,'2027-05-30'),
(566,'Froakie','Agua',26,71,78,113,'2027-05-31'),
(567,'Rowlet','Planta',47,127,118,33,'2027-06-01'),
(568,'Litten','Fuego',10,47,124,110,'2027-06-02'),
(569,'Popplio','Agua',41,54,73,50,'2027-06-03'),
(570,'Grookey','Planta',29,39,92,80,'2027-06-04'),
(571,'Scorbunny','Fuego',6,31,97,52,'2027-06-05'),
(572,'Sobble','Agua',18,66,66,79,'2027-06-06'),
(573,'Treecko','Planta',32,103,94,102,'2027-06-07'),
(574,'Torchic','Fuego',29,98,104,67,'2027-06-08'),
(575,'Mudkip','Agua',13,97,53,115,'2027-06-09'),
(576,'Piplup','Planta',49,101,92,97,'2027-06-10'),
(577,'Turtwig','Fuego',48,40,107,45,'2027-06-11'),
(578,'Chimchar','Agua',5,72,51,100,'2027-06-12'),
(579,'Snivy','Planta',41,114,33,33,'2027-06-13'),
(580,'Tepig','Fuego',17,98,82,31,'2027-06-14'),
(581,'Oshawott','Agua',11,92,55,85,'2027-06-15'),
(582,'Chespin','Planta',44,86,45,92,'2027-06-16'),
(583,'Fennekin','Fuego',7,100,73,109,'2027-06-17'),
(584,'Froakie','Agua',35,116,34,88,'2027-06-18'),
(585,'Rowlet','Planta',16,118,93,82,'2027-06-19'),
(586,'Litten','Fuego',50,120,128,121,'2027-06-20'),
(587,'Popplio','Agua',5,45,124,70,'2027-06-21'),
(588,'Grookey','Planta',16,106,44,58,'2027-06-22'),
(589,'Scorbunny','Fuego',10,72,42,35,'2027-06-23'),
(590,'Sobble','Agua',28,113,128,85,'2027-06-24'),
(591,'Treecko','Planta',47,54,73,105,'2027-06-25'),
(592,'Torchic','Fuego',30,45,46,103,'2027-06-26'),
(593,'Mudkip','Agua',31,121,98,36,'2027-06-27'),
(594,'Piplup','Planta',1,112,49,34,'2027-06-28'),
(595,'Turtwig','Fuego',8,128,41,36,'2027-06-29'),
(596,'Chimchar','Agua',10,90,116,127,'2027-06-30'),
(597,'Snivy','Planta',42,83,60,33,'2027-07-01'),
(598,'Tepig','Fuego',49,109,79,107,'2027-07-02'),
(599,'Oshawott','Agua',13,57,57,56,'2027-07-03'),
(600,'Chespin','Planta',37,45,127,112,'2027-07-04'),
(601,'Fennekin','Fuego',24,104,87,35,'2027-07-05'),
(602,'Froakie','Agua',10,118,127,50,'2027-07-06'),
(603,'Rowlet','Planta',28,76,117,95,'2027-07-07'),
(604,'Litten','Fuego',13,73,91,88,'2027-07-08'),
(605,'Popplio','Agua',11,44,47,61,'2027-07-09'),
(606,'Grookey','Planta',8,44,89,79,'2027-07-10'),
(607,'Scorbunny','Fuego',24,45,34,48,'2027-07-11'),
(608,'Sobble','Agua',17,95,94,69,'2027-07-12'),
(609,'Treecko','Planta',20,127,114,53,'2027-07-13'),
(610,'Torchic','Fuego',1,45,44,36,'2027-07-14'),
(611,'Mudkip','Agua',9,52,125,114,'2027-07-15'),
(612,'Piplup','Planta',2,127,39,85,'2027-07-16'),
(613,'Turtwig','Fuego',2,39,111,129,'2027-07-17'),
(614,'Chimchar','Agua',40,65,48,75,'2027-07-18'),
(615,'Snivy','Planta',47,34,110,42,'2027-07-19'),
(616,'Tepig','Fuego',35,64,49,39,'2027-07-20'),
(617,'Oshawott','Agua',3,124,105,80,'2027-07-21'),
(618,'Chespin','Planta',42,61,95,39,'2027-07-22'),
(619,'Fennekin','Fuego',22,95,43,43,'2027-07-23'),
(620,'Froakie','Agua',44,58,90,35,'2027-07-24'),
(621,'Rowlet','Planta',47,98,47,100,'2027-07-25'),
(622,'Litten','Fuego',31,74,62,58,'2027-07-26'),
(623,'Popplio','Agua',15,38,76,101,'2027-07-27'),
(624,'Grookey','Planta',49,40,114,48,'2027-07-28'),
(625,'Scorbunny','Fuego',4,56,31,45,'2027-07-29'),
(626,'Sobble','Agua',31,84,55,31,'2027-07-30'),
(627,'Treecko','Planta',25,73,76,80,'2027-07-31'),
(628,'Torchic','Fuego',35,77,78,30,'2027-08-01'),
(629,'Mudkip','Agua',41,108,63,123,'2027-08-02'),
(630,'Piplup','Planta',9,73,129,54,'2027-08-03'),
(631,'Turtwig','Fuego',29,120,45,59,'2027-08-04'),
(632,'Chimchar','Agua',25,69,125,112,'2027-08-05'),
(633,'Snivy','Planta',32,44,129,78,'2027-08-06'),
(634,'Tepig','Fuego',13,49,59,104,'2027-08-07'),
(635,'Oshawott','Agua',37,79,61,33,'2027-08-08'),
(636,'Chespin','Planta',7,110,57,82,'2027-08-09'),
(637,'Fennekin','Fuego',3,127,119,57,'2027-08-10'),
(638,'Froakie','Agua',31,100,106,52,'2027-08-11'),
(639,'Rowlet','Planta',22,41,91,46,'2027-08-12'),
(640,'Litten','Fuego',3,48,115,53,'2027-08-13'),
(641,'Popplio','Agua',49,102,120,53,'2027-08-14'),
(642,'Grookey','Planta',44,30,63,111,'2027-08-15'),
(643,'Scorbunny','Fuego',12,75,33,123,'2027-08-16'),
(644,'Sobble','Agua',47,46,75,46,'2027-08-17'),
(645,'Treecko','Planta',11,96,104,86,'2027-08-18'),
(646,'Torchic','Fuego',7,90,115,58,'2027-08-19'),
(647,'Mudkip','Agua',4,129,39,38,'2027-08-20'),
(648,'Piplup','Planta',34,113,115,94,'2027-08-21'),
(649,'Turtwig','Fuego',18,60,52,90,'2027-08-22'),
(650,'Chimchar','Agua',25,128,76,57,'2027-08-23'),
(651,'Snivy','Planta',39,123,117,119,'2027-08-24'),
(652,'Tepig','Fuego',1,86,122,96,'2027-08-25'),
(653,'Oshawott','Agua',3,39,125,130,'2027-08-26'),
(654,'Chespin','Planta',11,96,60,64,'2027-08-27'),
(655,'Fennekin','Fuego',12,38,56,45,'2027-08-28'),
(656,'Froakie','Agua',17,123,110,49,'2027-08-29'),
(657,'Rowlet','Planta',7,44,54,105,'2027-08-30'),
(658,'Litten','Fuego',2,59,96,122,'2027-08-31'),
(659,'Popplio','Agua',50,52,112,45,'2027-09-01'),
(660,'Grookey','Planta',8,119,98,78,'2027-09-02'),
(661,'Scorbunny','Fuego',35,39,43,126,'2027-09-03'),
(662,'Sobble','Agua',47,77,44,117,'2027-09-04'),
(663,'Treecko','Planta',19,41,78,130,'2027-09-05'),
(664,'Torchic','Fuego',3,40,37,32,'2027-09-06'),
(665,'Mudkip','Agua',9,119,95,46,'2027-09-07'),
(666,'Piplup','Planta',4,45,33,36,'2027-09-08'),
(667,'Turtwig','Fuego',49,93,91,32,'2027-09-09'),
(668,'Chimchar','Agua',45,82,64,122,'2027-09-10'),
(669,'Snivy','Planta',50,97,93,104,'2027-09-11'),
(670,'Tepig','Fuego',8,91,62,85,'2027-09-12'),
(671,'Oshawott','Agua',15,46,121,79,'2027-09-13'),
(672,'Chespin','Planta',50,36,68,83,'2027-09-14'),
(673,'Fennekin','Fuego',11,70,96,72,'2027-09-15'),
(674,'Froakie','Agua',39,111,62,94,'2027-09-16'),
(675,'Rowlet','Planta',17,111,44,60,'2027-09-17'),
(676,'Litten','Fuego',25,77,128,71,'2027-09-18'),
(677,'Popplio','Agua',33,66,68,106,'2027-09-19'),
(678,'Grookey','Planta',16,118,53,114,'2027-09-20'),
(679,'Scorbunny','Fuego',27,90,111,109,'2027-09-21'),
(680,'Sobble','Agua',25,53,71,90,'2027-09-22'),
(681,'Treecko','Planta',3,102,33,113,'2027-09-23'),
(682,'Torchic','Fuego',28,120,62,63,'2027-09-24'),
(683,'Mudkip','Agua',8,68,96,86,'2027-09-25'),
(684,'Piplup','Planta',45,107,40,85,'2027-09-26'),
(685,'Turtwig','Fuego',12,33,97,34,'2027-09-27'),
(686,'Chimchar','Agua',42,64,53,111,'2027-09-28'),
(687,'Snivy','Planta',4,72,68,38,'2027-09-29'),
(688,'Tepig','Fuego',49,77,40,85,'2027-09-30'),
(689,'Oshawott','Agua',46,104,38,57,'2027-10-01'),
(690,'Chespin','Planta',30,37,124,126,'2027-10-02'),
(691,'Fennekin','Fuego',13,70,43,30,'2027-10-03'),
(692,'Froakie','Agua',19,119,51,62,'2027-10-04'),
(693,'Rowlet','Planta',19,30,66,129,'2027-10-05'),
(694,'Litten','Fuego',20,94,50,130,'2027-10-06'),
(695,'Popplio','Agua',2,105,42,39,'2027-10-07'),
(696,'Grookey','Planta',21,68,126,56,'2027-10-08'),
(697,'Scorbunny','Fuego',37,116,118,37,'2027-10-09'),
(698,'Sobble','Agua',19,45,106,68,'2027-10-10'),
(699,'Treecko','Planta',6,105,127,32,'2027-10-11'),
(700,'Torchic','Fuego',29,80,54,100,'2027-10-12'),
(701,'Mudkip','Agua',23,71,51,95,'2027-10-13'),
(702,'Piplup','Planta',42,49,49,85,'2027-10-14'),
(703,'Turtwig','Fuego',32,45,39,70,'2027-10-15'),
(704,'Chimchar','Agua',49,50,130,113,'2027-10-16'),
(705,'Snivy','Planta',44,63,67,69,'2027-10-17'),
(706,'Tepig','Fuego',14,121,80,93,'2027-10-18'),
(707,'Oshawott','Agua',45,125,68,31,'2027-10-19'),
(708,'Chespin','Planta',2,108,109,38,'2027-10-20'),
(709,'Fennekin','Fuego',27,119,126,69,'2027-10-21'),
(710,'Froakie','Agua',6,104,100,90,'2027-10-22'),
(711,'Rowlet','Planta',18,54,91,81,'2027-10-23'),
(712,'Litten','Fuego',19,36,90,121,'2027-10-24'),
(713,'Popplio','Agua',21,43,105,108,'2027-10-25'),
(714,'Grookey','Planta',7,80,126,60,'2027-10-26'),
(715,'Scorbunny','Fuego',47,98,38,70,'2027-10-27'),
(716,'Sobble','Agua',29,39,86,91,'2027-10-28'),
(717,'Treecko','Planta',8,34,34,53,'2027-10-29'),
(718,'Torchic','Fuego',2,42,127,123,'2027-10-30'),
(719,'Mudkip','Agua',45,70,43,121,'2027-10-31'),
(720,'Piplup','Planta',28,86,69,124,'2027-11-01'),
(721,'Turtwig','Fuego',17,65,124,48,'2027-11-02'),
(722,'Chimchar','Agua',10,44,55,114,'2027-11-03'),
(723,'Snivy','Planta',35,62,105,49,'2027-11-04'),
(724,'Tepig','Fuego',1,53,95,78,'2027-11-05'),
(725,'Oshawott','Agua',26,74,91,91,'2027-11-06'),
(726,'Chespin','Planta',25,60,77,48,'2027-11-07'),
(727,'Fennekin','Fuego',39,51,109,36,'2027-11-08'),
(728,'Froakie','Agua',12,46,72,52,'2027-11-09'),
(729,'Rowlet','Planta',28,68,108,85,'2027-11-10'),
(730,'Litten','Fuego',44,108,81,78,'2027-11-11'),
(731,'Popplio','Agua',28,128,117,84,'2027-11-12'),
(732,'Grookey','Planta',16,58,99,128,'2027-11-13'),
(733,'Scorbunny','Fuego',45,37,47,33,'2027-11-14'),
(734,'Sobble','Agua',29,32,99,81,'2027-11-15'),
(735,'Treecko','Planta',12,75,82,37,'2027-11-16'),
(736,'Torchic','Fuego',23,114,67,60,'2027-11-17'),
(737,'Mudkip','Agua',24,90,88,83,'2027-11-18'),
(738,'Piplup','Planta',30,86,96,30,'2027-11-19'),
(739,'Turtwig','Fuego',50,99,40,96,'2027-11-20'),
(740,'Chimchar','Agua',43,42,121,114,'2027-11-21'),
(741,'Snivy','Planta',44,79,92,38,'2027-11-22'),
(742,'Tepig','Fuego',16,53,101,80,'2027-11-23'),
(743,'Oshawott','Agua',27,65,50,113,'2027-11-24'),
(744,'Chespin','Planta',6,44,93,72,'2027-11-25'),
(745,'Fennekin','Fuego',46,126,67,113,'2027-11-26'),
(746,'Froakie','Agua',37,101,114,97,'2027-11-27'),
(747,'Rowlet','Planta',34,74,80,43,'2027-11-28'),
(748,'Litten','Fuego',5,101,38,53,'2027-11-29'),
(749,'Popplio','Agua',26,58,100,115,'2027-11-30'),
(750,'Grookey','Planta',33,39,64,65,'2027-12-01'),
(751,'Scorbunny','Fuego',41,81,72,114,'2027-12-02'),
(752,'Sobble','Agua',39,81,48,122,'2027-12-03'),
(753,'Treecko','Planta',49,51,61,34,'2027-12-04'),
(754,'Torchic','Fuego',2,107,61,48,'2027-12-05'),
(755,'Mudkip','Agua',43,106,102,128,'2027-12-06'),
(756,'Piplup','Planta',23,59,64,70,'2027-12-07'),
(757,'Turtwig','Fuego',9,83,65,45,'2027-12-08'),
(758,'Chimchar','Agua',5,46,36,100,'2027-12-09'),
(759,'Snivy','Planta',15,120,43,64,'2027-12-10'),
(760,'Tepig','Fuego',21,94,116,127,'2027-12-11'),
(761,'Oshawott','Agua',2,41,46,32,'2027-12-12'),
(762,'Chespin','Planta',21,49,124,32,'2027-12-13'),
(763,'Fennekin','Fuego',31,114,33,124,'2027-12-14'),
(764,'Froakie','Agua',35,73,120,127,'2027-12-15'),
(765,'Rowlet','Planta',16,45,35,69,'2027-12-16'),
(766,'Litten','Fuego',42,70,100,68,'2027-12-17'),
(767,'Popplio','Agua',11,112,107,44,'2027-12-18'),
(768,'Grookey','Planta',18,88,75,48,'2027-12-19'),
(769,'Scorbunny','Fuego',6,80,66,47,'2027-12-20'),
(770,'Sobble','Agua',38,104,43,121,'2027-12-21'),
(771,'Treecko','Planta',17,115,37,38,'2027-12-22'),
(772,'Torchic','Fuego',24,109,101,105,'2027-12-23'),
(773,'Mudkip','Agua',7,121,35,94,'2027-12-24'),
(774,'Piplup','Planta',9,56,88,62,'2027-12-25'),
(775,'Turtwig','Fuego',30,64,120,123,'2027-12-26'),
(776,'Chimchar','Agua',11,32,67,67,'2027-12-27'),
(777,'Snivy','Planta',35,47,72,127,'2027-12-28'),
(778,'Tepig','Fuego',11,37,112,87,'2027-12-29'),
(779,'Oshawott','Agua',30,108,33,99,'2027-12-30'),
(780,'Chespin','Planta',39,40,84,88,'2027-12-31'),
(781,'Fennekin','Fuego',23,66,99,92,'2028-01-01'),
(782,'Froakie','Agua',9,115,62,93,'2028-01-02'),
(783,'Rowlet','Planta',50,49,94,46,'2028-01-03'),
(784,'Litten','Fuego',34,95,42,95,'2028-01-04'),
(785,'Popplio','Agua',27,33,108,98,'2028-01-05'),
(786,'Grookey','Planta',25,90,103,110,'2028-01-06'),
(787,'Scorbunny','Fuego',40,59,103,100,'2028-01-07'),
(788,'Sobble','Agua',28,80,55,112,'2028-01-08'),
(789,'Treecko','Planta',33,122,98,45,'2028-01-09'),
(790,'Torchic','Fuego',30,55,104,118,'2028-01-10'),
(791,'Mudkip','Agua',42,88,91,117,'2028-01-11'),
(792,'Piplup','Planta',28,84,94,84,'2028-01-12'),
(793,'Turtwig','Fuego',13,46,124,72,'2028-01-13'),
(794,'Chimchar','Agua',39,92,85,125,'2028-01-14'),
(795,'Snivy','Planta',31,90,108,90,'2028-01-15'),
(796,'Tepig','Fuego',47,39,98,50,'2028-01-16'),
(797,'Oshawott','Agua',50,44,65,49,'2028-01-17'),
(798,'Chespin','Planta',40,129,101,100,'2028-01-18'),
(799,'Fennekin','Fuego',50,118,91,31,'2028-01-19'),
(800,'Froakie','Agua',28,42,89,42,'2028-01-20'),
(801,'Rowlet','Planta',25,50,116,128,'2028-01-21'),
(802,'Litten','Fuego',47,56,124,50,'2028-01-22'),
(803,'Popplio','Agua',19,114,81,120,'2028-01-23'),
(804,'Grookey','Planta',35,100,75,63,'2028-01-24'),
(805,'Scorbunny','Fuego',4,59,54,100,'2028-01-25'),
(806,'Sobble','Agua',49,121,130,130,'2028-01-26'),
(807,'Treecko','Planta',46,38,95,64,'2028-01-27'),
(808,'Torchic','Fuego',41,30,49,123,'2028-01-28'),
(809,'Mudkip','Agua',45,30,125,78,'2028-01-29'),
(810,'Piplup','Planta',2,96,76,75,'2028-01-30'),
(811,'Turtwig','Fuego',37,122,30,96,'2028-01-31'),
(812,'Chimchar','Agua',42,106,116,93,'2028-02-01'),
(813,'Snivy','Planta',17,86,53,34,'2028-02-02'),
(814,'Tepig','Fuego',3,103,82,86,'2028-02-03'),
(815,'Oshawott','Agua',45,94,130,82,'2028-02-04'),
(816,'Chespin','Planta',28,82,65,66,'2028-02-05'),
(817,'Fennekin','Fuego',7,52,73,39,'2028-02-06'),
(818,'Froakie','Agua',30,112,108,52,'2028-02-07'),
(819,'Rowlet','Planta',1,57,40,117,'2028-02-08'),
(820,'Litten','Fuego',7,75,31,118,'2028-02-09'),
(821,'Popplio','Agua',5,40,129,55,'2028-02-10'),
(822,'Grookey','Planta',31,71,85,114,'2028-02-11'),
(823,'Scorbunny','Fuego',47,58,103,82,'2028-02-12'),
(824,'Sobble','Agua',11,67,98,82,'2028-02-13'),
(825,'Treecko','Planta',6,61,108,102,'2028-02-14'),
(826,'Torchic','Fuego',47,63,67,74,'2028-02-15'),
(827,'Mudkip','Agua',11,98,47,47,'2028-02-16'),
(828,'Piplup','Planta',47,81,31,121,'2028-02-17'),
(829,'Turtwig','Fuego',30,42,95,78,'2028-02-18'),
(830,'Chimchar','Agua',15,110,82,92,'2028-02-19'),
(831,'Snivy','Planta',47,113,67,95,'2028-02-20'),
(832,'Tepig','Fuego',29,67,104,108,'2028-02-21'),
(833,'Oshawott','Agua',10,87,94,98,'2028-02-22'),
(834,'Chespin','Planta',19,51,45,114,'2028-02-23'),
(835,'Fennekin','Fuego',44,82,90,30,'2028-02-24'),
(836,'Froakie','Agua',1,85,106,64,'2028-02-25'),
(837,'Rowlet','Planta',35,101,103,56,'2028-02-26'),
(838,'Litten','Fuego',47,74,116,87,'2028-02-27'),
(839,'Popplio','Agua',36,44,34,125,'2028-02-28'),
(840,'Grookey','Planta',45,77,107,110,'2028-02-29'),
(841,'Scorbunny','Fuego',2,113,110,120,'2028-03-01'),
(842,'Sobble','Agua',16,68,84,73,'2028-03-02'),
(843,'Treecko','Planta',18,108,95,79,'2028-03-03'),
(844,'Torchic','Fuego',38,66,64,31,'2028-03-04'),
(845,'Mudkip','Agua',25,92,40,62,'2028-03-05'),
(846,'Piplup','Planta',30,108,107,80,'2028-03-06'),
(847,'Turtwig','Fuego',36,63,119,59,'2028-03-07'),
(848,'Chimchar','Agua',44,68,57,84,'2028-03-08'),
(849,'Snivy','Planta',33,122,65,102,'2028-03-09'),
(850,'Tepig','Fuego',22,101,43,60,'2028-03-10'),
(851,'Oshawott','Agua',20,97,54,69,'2028-03-11'),
(852,'Chespin','Planta',25,85,87,128,'2028-03-12'),
(853,'Fennekin','Fuego',2,53,47,40,'2028-03-13'),
(854,'Froakie','Agua',4,71,60,63,'2028-03-14'),
(855,'Rowlet','Planta',24,72,88,87,'2028-03-15'),
(856,'Litten','Fuego',18,32,60,65,'2028-03-16'),
(857,'Popplio','Agua',38,83,62,67,'2028-03-17'),
(858,'Grookey','Planta',27,64,116,128,'2028-03-18'),
(859,'Scorbunny','Fuego',47,64,50,67,'2028-03-19'),
(860,'Sobble','Agua',1,32,68,130,'2028-03-20'),
(861,'Treecko','Planta',29,87,115,98,'2028-03-21'),
(862,'Torchic','Fuego',27,63,43,95,'2028-03-22'),
(863,'Mudkip','Agua',12,82,35,54,'2028-03-23'),
(864,'Piplup','Planta',21,43,109,92,'2028-03-24'),
(865,'Turtwig','Fuego',23,102,70,94,'2028-03-25'),
(866,'Chimchar','Agua',40,38,80,60,'2028-03-26'),
(867,'Snivy','Planta',11,47,109,103,'2028-03-27'),
(868,'Tepig','Fuego',48,60,30,34,'2028-03-28'),
(869,'Oshawott','Agua',14,56,109,128,'2028-03-29'),
(870,'Chespin','Planta',46,53,61,55,'2028-03-30'),
(871,'Fennekin','Fuego',34,58,97,72,'2028-03-31'),
(872,'Froakie','Agua',13,96,77,95,'2028-04-01'),
(873,'Rowlet','Planta',1,45,122,61,'2028-04-02'),
(874,'Litten','Fuego',32,68,43,90,'2028-04-03'),
(875,'Popplio','Agua',6,86,87,91,'2028-04-04'),
(876,'Grookey','Planta',46,111,36,121,'2028-04-05'),
(877,'Scorbunny','Fuego',34,127,65,50,'2028-04-06'),
(878,'Sobble','Agua',20,58,91,116,'2028-04-07'),
(879,'Treecko','Planta',21,85,105,85,'2028-04-08'),
(880,'Torchic','Fuego',23,74,63,47,'2028-04-09'),
(881,'Mudkip','Agua',34,101,45,34,'2028-04-10'),
(882,'Piplup','Planta',19,48,66,72,'2028-04-11'),
(883,'Turtwig','Fuego',28,116,101,79,'2028-04-12'),
(884,'Chimchar','Agua',3,90,67,130,'2028-04-13'),
(885,'Snivy','Planta',42,41,109,77,'2028-04-14'),
(886,'Tepig','Fuego',8,121,30,128,'2028-04-15'),
(887,'Oshawott','Agua',29,70,126,71,'2028-04-16'),
(888,'Chespin','Planta',44,54,84,59,'2028-04-17'),
(889,'Fennekin','Fuego',10,43,75,49,'2028-04-18'),
(890,'Froakie','Agua',47,128,42,114,'2028-04-19'),
(891,'Rowlet','Planta',36,45,106,62,'2028-04-20'),
(892,'Litten','Fuego',30,111,57,31,'2028-04-21'),
(893,'Popplio','Agua',43,119,53,130,'2028-04-22'),
(894,'Grookey','Planta',3,94,63,90,'2028-04-23'),
(895,'Scorbunny','Fuego',42,37,87,59,'2028-04-24'),
(896,'Sobble','Agua',34,48,130,58,'2028-04-25'),
(897,'Treecko','Planta',49,79,122,126,'2028-04-26'),
(898,'Torchic','Fuego',27,44,97,99,'2028-04-27'),
(899,'Mudkip','Agua',49,68,121,127,'2028-04-28'),
(900,'Piplup','Planta',25,105,114,68,'2028-04-29'),
(901,'Turtwig','Fuego',34,73,103,39,'2028-04-30'),
(902,'Chimchar','Agua',6,30,69,86,'2028-05-01'),
(903,'Snivy','Planta',39,130,110,112,'2028-05-02'),
(904,'Tepig','Fuego',1,116,74,49,'2028-05-03'),
(905,'Oshawott','Agua',43,39,55,75,'2028-05-04'),
(906,'Chespin','Planta',46,63,115,57,'2028-05-05'),
(907,'Fennekin','Fuego',18,41,39,114,'2028-05-06'),
(908,'Froakie','Agua',8,49,116,128,'2028-05-07'),
(909,'Rowlet','Planta',23,76,114,50,'2028-05-08'),
(910,'Litten','Fuego',41,113,94,80,'2028-05-09'),
(911,'Popplio','Agua',38,31,87,47,'2028-05-10'),
(912,'Grookey','Planta',13,39,38,72,'2028-05-11'),
(913,'Scorbunny','Fuego',38,95,78,82,'2028-05-12'),
(914,'Sobble','Agua',32,43,56,98,'2028-05-13'),
(915,'Treecko','Planta',31,58,104,67,'2028-05-14'),
(916,'Torchic','Fuego',21,31,112,69,'2028-05-15'),
(917,'Mudkip','Agua',8,53,61,94,'2028-05-16'),
(918,'Piplup','Planta',48,67,72,104,'2028-05-17'),
(919,'Turtwig','Fuego',46,38,45,62,'2028-05-18'),
(920,'Chimchar','Agua',6,35,50,38,'2028-05-19'),
(921,'Snivy','Planta',12,49,112,114,'2028-05-20'),
(922,'Tepig','Fuego',35,106,56,107,'2028-05-21'),
(923,'Oshawott','Agua',45,98,84,34,'2028-05-22'),
(924,'Chespin','Planta',18,124,86,91,'2028-05-23'),
(925,'Fennekin','Fuego',21,108,79,78,'2028-05-24'),
(926,'Froakie','Agua',8,67,104,100,'2028-05-25'),
(927,'Rowlet','Planta',18,63,119,127,'2028-05-26'),
(928,'Litten','Fuego',32,35,36,114,'2028-05-27'),
(929,'Popplio','Agua',3,112,53,112,'2028-05-28'),
(930,'Grookey','Planta',8,92,96,56,'2028-05-29'),
(931,'Scorbunny','Fuego',32,99,43,66,'2028-05-30'),
(932,'Sobble','Agua',50,70,50,117,'2028-05-31'),
(933,'Treecko','Planta',17,127,97,120,'2028-06-01'),
(934,'Torchic','Fuego',32,30,107,82,'2028-06-02'),
(935,'Mudkip','Agua',2,42,97,112,'2028-06-03'),
(936,'Piplup','Planta',43,82,104,124,'2028-06-04'),
(937,'Turtwig','Fuego',45,119,78,119,'2028-06-05'),
(938,'Chimchar','Agua',41,95,111,84,'2028-06-06'),
(939,'Snivy','Planta',49,104,113,75,'2028-06-07'),
(940,'Tepig','Fuego',26,79,79,38,'2028-06-08'),
(941,'Oshawott','Agua',3,33,98,39,'2028-06-09'),
(942,'Chespin','Planta',23,49,113,103,'2028-06-10'),
(943,'Fennekin','Fuego',38,98,87,48,'2028-06-11'),
(944,'Froakie','Agua',15,60,105,95,'2028-06-12'),
(945,'Rowlet','Planta',43,42,108,63,'2028-06-13'),
(946,'Litten','Fuego',1,91,114,36,'2028-06-14'),
(947,'Popplio','Agua',39,101,102,104,'2028-06-15'),
(948,'Grookey','Planta',41,71,92,58,'2028-06-16'),
(949,'Scorbunny','Fuego',35,100,75,43,'2028-06-17'),
(950,'Sobble','Agua',45,102,101,127,'2028-06-18'),
(951,'Treecko','Planta',42,59,91,49,'2028-06-19'),
(952,'Torchic','Fuego',15,122,93,122,'2028-06-20'),
(953,'Mudkip','Agua',18,87,124,121,'2028-06-21'),
(954,'Piplup','Planta',11,49,33,63,'2028-06-22'),
(955,'Turtwig','Fuego',2,102,113,120,'2028-06-23'),
(956,'Chimchar','Agua',45,38,48,66,'2028-06-24'),
(957,'Snivy','Planta',4,99,101,117,'2028-06-25'),
(958,'Tepig','Fuego',35,44,37,30,'2028-06-26'),
(959,'Oshawott','Agua',9,70,79,69,'2028-06-27'),
(960,'Chespin','Planta',14,127,60,81,'2028-06-28'),
(961,'Fennekin','Fuego',28,128,78,104,'2028-06-29'),
(962,'Froakie','Agua',37,87,48,129,'2028-06-30'),
(963,'Rowlet','Planta',42,68,108,85,'2028-07-01'),
(964,'Litten','Fuego',7,85,105,122,'2028-07-02'),
(965,'Popplio','Agua',41,41,89,75,'2028-07-03'),
(966,'Grookey','Planta',36,47,54,77,'2028-07-04'),
(967,'Scorbunny','Fuego',24,56,36,63,'2028-07-05'),
(968,'Sobble','Agua',43,85,100,76,'2028-07-06'),
(969,'Treecko','Planta',7,101,49,100,'2028-07-07'),
(970,'Torchic','Fuego',19,110,110,106,'2028-07-08'),
(971,'Mudkip','Agua',5,74,103,86,'2028-07-09'),
(972,'Piplup','Planta',21,74,52,68,'2028-07-10'),
(973,'Turtwig','Fuego',36,126,32,126,'2028-07-11'),
(974,'Chimchar','Agua',35,89,78,31,'2028-07-12'),
(975,'Snivy','Planta',29,37,99,86,'2028-07-13'),
(976,'Tepig','Fuego',36,123,34,44,'2028-07-14'),
(977,'Oshawott','Agua',13,70,76,65,'2028-07-15'),
(978,'Chespin','Planta',18,112,56,75,'2028-07-16'),
(979,'Fennekin','Fuego',30,115,88,69,'2028-07-17'),
(980,'Froakie','Agua',39,108,81,53,'2028-07-18'),
(981,'Rowlet','Planta',31,40,120,94,'2028-07-19'),
(982,'Litten','Fuego',20,122,87,79,'2028-07-20'),
(983,'Popplio','Agua',41,78,60,129,'2028-07-21'),
(984,'Grookey','Planta',22,76,47,54,'2028-07-22'),
(985,'Scorbunny','Fuego',42,121,97,59,'2028-07-23'),
(986,'Sobble','Agua',2,30,83,121,'2028-07-24'),
(987,'Treecko','Planta',34,79,111,93,'2028-07-25'),
(988,'Torchic','Fuego',21,73,94,91,'2028-07-26'),
(989,'Mudkip','Agua',11,55,44,66,'2028-07-27'),
(990,'Piplup','Planta',22,76,109,32,'2028-07-28'),
(991,'Turtwig','Fuego',17,33,110,39,'2028-07-29'),
(992,'Chimchar','Agua',10,88,123,118,'2028-07-30'),
(993,'Snivy','Planta',7,87,30,71,'2028-07-31'),
(994,'Tepig','Fuego',13,97,39,100,'2028-08-01'),
(995,'Oshawott','Agua',17,38,111,53,'2028-08-02'),
(996,'Chespin','Planta',31,78,69,43,'2028-08-03'),
(997,'Fennekin','Fuego',46,106,84,82,'2028-08-04'),
(998,'Froakie','Agua',19,77,66,100,'2028-08-05'),
(999,'Rowlet','Planta',20,119,34,78,'2028-08-06'),
(1000,'Litten','Fuego',8,84,62,53,'2028-08-07'),
(1001,'Popplio','Agua',43,47,108,84,'2028-08-08'),
(1002,'Grookey','Planta',27,84,98,128,'2028-08-09'),
(1003,'Scorbunny','Fuego',33,103,61,119,'2028-08-10'),
(1004,'Sobble','Agua',47,121,48,106,'2028-08-11'),
(1005,'Treecko','Planta',24,51,124,78,'2028-08-12'),
(1006,'Torchic','Fuego',26,109,75,81,'2028-08-13'),
(1007,'Mudkip','Agua',44,82,104,54,'2028-08-14'),
(1008,'Piplup','Planta',31,92,109,90,'2028-08-15'),
(1009,'Turtwig','Fuego',45,58,64,56,'2028-08-16'),
(1010,'Chimchar','Agua',36,45,81,44,'2028-08-17'),
(1011,'Snivy','Planta',28,77,123,32,'2028-08-18'),
(1012,'Tepig','Fuego',2,95,129,123,'2028-08-19'),
(1013,'Oshawott','Agua',27,35,98,42,'2028-08-20'),
(1014,'Chespin','Planta',38,63,49,50,'2028-08-21'),
(1015,'Fennekin','Fuego',13,94,40,75,'2028-08-22'),
(1016,'Froakie','Agua',19,106,125,96,'2028-08-23'),
(1017,'Rowlet','Planta',44,128,70,74,'2028-08-24'),
(1018,'Litten','Fuego',23,122,66,42,'2028-08-25'),
(1019,'Popplio','Agua',50,126,56,123,'2028-08-26'),
(1020,'Grookey','Planta',49,85,33,66,'2028-08-27'),
(1021,'Scorbunny','Fuego',44,101,98,114,'2028-08-28'),
(1022,'Sobble','Agua',39,53,86,125,'2028-08-29'),
(1023,'Treecko','Planta',18,56,72,109,'2028-08-30'),
(1024,'Torchic','Fuego',26,64,110,51,'2028-08-31'),
(1026,'Piplup','Planta',38,123,32,64,'2028-09-02'),
(1027,'Turtwig','Fuego',17,115,99,126,'2028-09-03'),
(1028,'Chimchar','Agua',10,93,71,102,'2028-09-04'),
(1029,'Snivy','Planta',42,55,90,124,'2028-09-05'),
(1030,'Tepig','Fuego',17,122,100,49,'2028-09-06'),
(1031,'Oshawott','Agua',49,73,34,33,'2028-09-07'),
(1032,'Chespin','Planta',35,106,39,54,'2028-09-08'),
(1033,'Fennekin','Fuego',48,128,41,115,'2028-09-09'),
(1034,'Froakie','Agua',27,39,32,51,'2028-09-10'),
(1035,'Rowlet','Planta',5,111,40,109,'2028-09-11'),
(1036,'Litten','Fuego',38,86,62,128,'2028-09-12'),
(1037,'Popplio','Agua',29,90,88,62,'2028-09-13'),
(1038,'Grookey','Planta',20,123,99,90,'2028-09-14'),
(1039,'Scorbunny','Fuego',33,84,125,77,'2028-09-15'),
(1040,'Sobble','Agua',32,66,36,116,'2028-09-16'),
(1041,'Treecko','Planta',27,107,87,86,'2028-09-17'),
(1042,'Torchic','Fuego',2,51,52,89,'2028-09-18'),
(1043,'Mudkip','Agua',9,72,109,116,'2028-09-19'),
(1044,'Piplup','Planta',21,70,56,96,'2028-09-20'),
(1045,'Turtwig','Fuego',40,75,49,41,'2028-09-21'),
(1046,'Chimchar','Agua',38,90,122,37,'2028-09-22'),
(1047,'Snivy','Planta',27,77,52,103,'2028-09-23'),
(1048,'Tepig','Fuego',25,45,35,61,'2028-09-24'),
(1049,'Oshawott','Agua',50,36,39,117,'2028-09-25'),
(1050,'Chespin','Planta',2,91,47,33,'2028-09-26'),
(1052,'ivysaur','grass',1,62,63,60,'2026-03-24');
/*!40000 ALTER TABLE `pokemon` ENABLE KEYS */;
UNLOCK TABLES;

--
-- Temporary table structure for view `vista_top_competitivo`
--

DROP TABLE IF EXISTS `vista_top_competitivo`;
/*!50001 DROP VIEW IF EXISTS `vista_top_competitivo`*/;
SET @saved_cs_client     = @@character_set_client;
SET character_set_client = utf8mb4;
/*!50001 CREATE VIEW `vista_top_competitivo` AS SELECT
 1 AS `id`,
  1 AS `nombre`,
  1 AS `tipo_principal`,
  1 AS `nivel`,
  1 AS `ataque`,
  1 AS `defensa`,
  1 AS `velocidad`,
  1 AS `fecha_captura`,
  1 AS `entrenador_id`,
  1 AS `suma_estadisticas` */;
SET character_set_client = @saved_cs_client;

--
-- Final view structure for view `vista_top_competitivo`
--

/*!50001 DROP VIEW IF EXISTS `vista_top_competitivo`*/;
/*!50001 SET @saved_cs_client          = @@character_set_client */;
/*!50001 SET @saved_cs_results         = @@character_set_results */;
/*!50001 SET @saved_col_connection     = @@collation_connection */;
/*!50001 SET character_set_client      = utf8mb4 */;
/*!50001 SET character_set_results     = utf8mb4 */;
/*!50001 SET collation_connection      = utf8mb4_unicode_ci */;
/*!50001 CREATE ALGORITHM=UNDEFINED */
/*!50013 DEFINER=`usuario`@`localhost` SQL SECURITY DEFINER */
/*!50001 VIEW `vista_top_competitivo` AS select `equipo`.`id` AS `id`,`equipo`.`nombre` AS `nombre`,`equipo`.`tipo_principal` AS `tipo_principal`,`equipo`.`nivel` AS `nivel`,`equipo`.`ataque` AS `ataque`,`equipo`.`defensa` AS `defensa`,`equipo`.`velocidad` AS `velocidad`,`equipo`.`fecha_captura` AS `fecha_captura`,`equipo`.`entrenador_id` AS `entrenador_id`,`equipo`.`ataque` + `equipo`.`defensa` + `equipo`.`velocidad` AS `suma_estadisticas` from `equipo` order by `equipo`.`ataque` + `equipo`.`defensa` + `equipo`.`velocidad` desc limit 10 */;
/*!50001 SET character_set_client      = @saved_cs_client */;
/*!50001 SET character_set_results     = @saved_cs_results */;
/*!50001 SET collation_connection      = @saved_col_connection */;
/*!40103 SET TIME_ZONE=@OLD_TIME_ZONE */;

/*!40101 SET SQL_MODE=@OLD_SQL_MODE */;
/*!40014 SET FOREIGN_KEY_CHECKS=@OLD_FOREIGN_KEY_CHECKS */;
/*!40014 SET UNIQUE_CHECKS=@OLD_UNIQUE_CHECKS */;
/*!40101 SET CHARACTER_SET_CLIENT=@OLD_CHARACTER_SET_CLIENT */;
/*!40101 SET CHARACTER_SET_RESULTS=@OLD_CHARACTER_SET_RESULTS */;
/*!40101 SET COLLATION_CONNECTION=@OLD_COLLATION_CONNECTION */;
/*!40111 SET SQL_NOTES=@OLD_SQL_NOTES */;

-- Dump completed on 2026-03-25 12:29:44
